Aksi YouTuber Konten Cegat Motor Lawan Arah Berujung Dikepung Massa, 16 Agu 2023 11:21 ,https://www.detik.com/jogja/berita/d-6879158/aksi-youtuber-konten-cegat-motor-lawan-arah-berujung-dikepung-massa,"Dilansir detikNews, YouTuber Laurendra Hutagalung bikin konten 'cegat pemotor lawan arah' di Jalan KH Abdullah Syafei, Kelurahan Bukit Duri, Kecamatan Tebet, Jakarta Selatan, memicu massa driver ojek online (ojol) marah. Laurendra Hutagalung pun sempat dikepung massa.""Dilakukan mediasi antara Laurendra Hutagalung dengan driver ojek online dengan membuat surat pernyataan antara lain permintaan maaf,"" kata Kapolsek Tebet Kompol Chitya Intania dalam keterangannya kepada wartawan, Rabu (16/8/2023) dilansir detikNews.Peristiwa itu terjadi pada Selasa (15/8) pada pukul 20.45 WIB. Bermula ketika YouTuber Laurendra membuat konten mencegat pemotor lawan arah di Jalan KH Abdullah Syafei.Aksi YouTuber Laurendra membuat marah ojol. Keributan pun tak terhindarkan, Laurendra nyaris diamuk massa.""Penyebab keramaian tersebut karena adanya edukasi ke pengendara motor tentang lawan arah dari YouTuber LaurenTV,"" kata Kapolsek Tebet Kompol Chitya Intania.Chitya mengatakan beberapa ojol tak terima aksi Laurendra tersebut sehingga menimbulkan kericuhan. Laurendra diamankan warga sekitar ke sebuah restoran untuk menghindari amuk massa.""Pada saat melakukan edukasi beberapa pengguna jalan (ojek online) kurang berkenan adanya edukasi tersebut lalu terjadilah adu argumen di depan Rumah makan Wong Solo,"" jelasnya.Pihak kepolisian datang ke lokasi dan mengamankan Laurendra dkk. Tidak ada korban luka dalam kejadian ini, sementara imbas kericuhan itu membuat lalu lintas di lokasi sempat macet.Beberapa ojol yang tak terima sempat 'mengepung' Laurendra yang berada di restoran tersebut. Laurendra akhirnya 'dibebaskan' setelah membuat pernyataan.Kapolsek Tebet Kompol Chitya Intania mengatakan, dilakukan mediasi antara Laurendra Hutagalung dengan driver ojol.""Dilakukan mediasi antara Laurendra Hutagalung dengan driver ojek online dengan membuat surat pernyataan antara lain permintaan maaf,"" kata Chitya.Dalam pernyataannya itu, YouTuber Laurendra mengatakan akan meminta izin terlebih dahulu kepada RT/RW setempat dalam hal pembuatan konten.""Ke depannya untuk pembuatan konten agar meminta izin kepada RT dan RW,"" imbuhnya.Sementara konten 'cegat pemotor lawan arah' yang dibuat YouTuber Laurendra di lokasi kejadian, atas kesepakatannya pada malam itu juga dihapus.""Video yang telah direkam hari ini supaya dihapus. Surat pernyataan disepakati antara kedua belah pihak,"" lanjutnya.Simak Video ""Pernyataan Lengkap Anak SMP di Lahat Ngadu ke Jokowi soal Intimidasi Jaksa""[Gambas:Video 20detik](rih/ams)"
YouTuber Konten Cegat Motor Lawan Arah Minta Maaf Usai Dikepung Warga, 16 Agu 2023 09:32 ,https://news.detik.com/berita/d-6878906/youtuber-konten-cegat-motor-lawan-arah-minta-maaf-usai-dikepung-warga,"Konten 'cegat pemotor lawan arah' yang dilakukan YouTuber di Jalan KH Abdullah Syafei, Kelurahan Bukit Duri, Kecamatan Tebet, Jakarta Selatan, membuat massa ojol marah. YouTuber Laurendra Hutagalung kemudian meminta maaf setelah dikepung massa.""Dilakukan mediasi antara Laurendra Hutagalung dengan driver ojek online dengan membuat surat pernyataan antara lain permintaan maaf,"" kata Kapolsek Tebet Kompol Chitya Intania, dalam keterangannya kepada wartawan, Rabu (16/8/2023).Dalam pernyataannya itu, YouTuber Laurendra mengatakan akan meminta izin terlebih dahulu kepada RT/RW setempat dalam hal pembuatan konten.                ""Ke depannya, untuk pembuatan konten agar meminta izin kepada RT dan RW,"" imbuhnya.Sementara konten 'cegat pemotor lawan arah' yang dibuat YouTuber Laurendra di lokasi kejadian, atas kesepakatannya pada malam itu juga dihapus.""Video yang telah direkam hari ini supaya dihapus. Surat pernyataan disepakati antara kedua belah pihak,"" lanjutnya.Beberapa ojol yang tak terima sempat 'mengepung' Laurendra yang berada di restoran tersebut. Laurendra akhirnya 'dibebaskan' setelah membuat pernyataan.Peristiwa itu terjadi pada Selasa (15/8) sekitar pukul 20.45 WIB. Bermula, ketika YouTuber Laurendra membuat konten mencegat pemotor lawan arah di Jalan KH Abdullah Syafei, Kelurahan Bukit Duri, Kecamatan Tebet, Jakarta Selatan.Aksi YouTuber Laurendra membuat marah ojol. Keributan pun tak terhindarkan, Laurendra nyaris diamuk massa.""Penyebab keramaian tersebut karena adanya edukasi ke pengendara motor tentang lawan arah dari YouTuber LaurenTV,"" kata Chitya.Chitya mengatakan beberapa ojol tak terima aksi Laurendra tersebut sehingga menimbulkan kericuhan. Laurendra diamankan warga sekitar ke sebuah restoran untuk menghindari amuk massa.""Pada saat melakukan edukasi beberapa pengguna jalan (ojek online) kurang berkenan adanya edukasi tersebut lalu terjadilah adu argumen di depan Rumah Makan Wong Solo,"" katanya.Pihak kepolisian datang ke lokasi dan mengamankan Laurendra dkk. Tidak ada korban luka dalam kejadian ini, sementara imbas kericuhan itu membuat lalu lintas di lokasi sempat macet.Lihat juga Video 'Rumahnya Dijadikan Konten Horor, Ahli Waris Polisikan 10 YouTuber':[Gambas:Video 20detik] "
Kebakaran Halte TransJakarta Tendean: Dugaan Penyebab hingga Kondisi Terkini, 15 Agu 2023 10:40 ,https://news.detik.com/berita/d-6877031/kebakaran-halte-transjakarta-tendean-dugaan-penyebab-hingga-kondisi-terkini,"Kebakaran melanda Halte TransJakarta Tendean, Jakarta Selatan. Api kebakaran melalap seluruh bagian halte dan menyebabkan asap pekat yang membubung. Para penumpang yang berada di dalam halte langsung dievakuasi.Api di lokasi kebakaran berhasil dipadamkan beberapa saat kemudian. Berikut fakta-fakta soal kebakaran halte TransJakarta Tendean.Halte TransJakarta Tendean terbakar pada Senin (14/8/2023) sekitar pukul 17.45 WIB. Para penumpang yang berada di dalam halte dievakuasi dan dikeluarkan dari pintu halte.                Selain itu, Danton Damkar Mampang Prapatan Maryono mengatakan, berdasarkan informasi yang didapatnya dari seorang satpam TransJakarta, tidak ada korban jiwa dalam insiden ini. Dia mengungkap informasi lain bahwa ada lima orang yang sempat melompat saat kebakaran terjadi.""Tadi cari info dari satpam TJ (Bapak Bambang) nihil (korban), tapi ada info yang tidak mau disebut namanya ada 5 orang lompat dari halte,"" kata Maryono saat dihubungi, Senin (14/8/2023).Petugas pemadam kebakaran (damkar) langsung menuju halte TransJakarta Tendean usai menerima laporan kebakaran. Damkar mengerahkan 8 unit yang terdiri dari 24 personel ke lokasi.""Delapan unit, yang sudah sampe lokasi sekitar enam unit. Personel 24 (orang),"" kata Komandan Peleton Damkar Mampang Prapatan, Maryono, kepada wartawan di lokasi, Senin (14/8/2023).Petugas damkar langsung bergegas menyemprotkan air untuk memadamkan kobaran api. Api tampak besar dan kepulan asap cukup tebal di lokasi.Tak lama kemudian, api berhasil padam. Pendinginan dilakukan sampai tuntas.""Betul, (api) sudah dikendalikan, tinggal pendinginan sampe tuntas,"" ucapnya.Sebagian halte TransJakarta Tendean hangus dan kaca-kaca di halte tersebut pecah. Lalu lintas arah sempat Blok M dialihkan.""Sementara ditutup untuk jalan mobil damkar dan proses pemadaman,"" ujar Kapolsek Pancoran Kompol Mashuri saat dihubungi.Kebakaran halte TransJakarta di Tendean memicu kemacetan lalu lintas. Kemacetan sempat terjadi di Jalan Kapten Tendean arah Mampang Prapatan serta Jalan Wolter Monginsidi arah Jalan Kapten Tendean, Jakarta Selatan (Jaksel).Ruas jalan didominasi oleh mobil dan motor. Namun, kemacetan mereda tak lama setelah kejadian.Simak Video 'TransJakarta Tunggu Hasil Investigasi soal Penyebab Halte Tendean Terbakar': [Gambas:Video 20detik]Informasi dugaan penyebab kebakaran halte TransJakarta Tendean ada di halaman selanjutnya."
Ini Penyebab Jalan Raya Bogor Arah Cijantung Macet Parah, 14 Agu 2023 22:12 ,https://news.detik.com/berita/d-6876602/ini-penyebab-jalan-raya-bogor-arah-cijantung-macet-parah,"Jalan Raya Bogor arah Cijantung, Jakarta Timur, macet malam ini. Kemacetan terjadi lantaran adanya pengerjaan jalan di sekitar Pusat Pelatihan Kerja Pengembangan Industri (PPKPI).Pantauan detikcom di lokasi pukul 21.25 WIB, terlihat ada perbaikan jalan di depan gedung PPKPI. Tampak pemberitahuan 'Hati-hati 100 meter ada pengerjaan jalan'.Ada juga alat ekskavator difungsikan di lokasi. Beberapa petugas juga terlihat memasang besi penyangga jalan.                Perbaikan jalan ini terletak di sebelah kiri jalan, akibatnya pengendara hanya bisa menggunakan setengah jalur sehingga jalur menyempit di titik lokasi perbaikan.Terlihat antrean kendaraan sampai perempatan lampu merah Pasar Rebo. Sejumlah bus TransJakarta hingga truk pengangkat tanah sulit untuk maju lantaran jalan yang kecil.Tampak juga di lokasi satu anggota polisi yang mengatur lalu lintas. Pengendara pun jalan dengan hati-hati. Kemacetan mulai terurai setelah lampu merah Mal Cijantung."
"Jalan Raya Bogor Arah Cijantung Macet Parah, Motor Naik ke Trotoar", 14 Agu 2023 21:44 ,https://news.detik.com/berita/d-6876582/jalan-raya-bogor-arah-cijantung-macet-parah-motor-naik-ke-trotoar,"Jalan Raya Bogor arah Cijantung, Jakarta Timur, macet parah malam ini. Pengendara motor nekat menaikkan kendaraan ke trotoar.Pantauan detikcom di Jalan Raya Bogor, sekitar pukul 21.00 WIB, kemacetan mengular hingga perempatan Pasar Rebo, Jakarta Timur. Tak ada pergerakan berarti selama kurang lebih 20 menit.Dua jalur di sisi sebelah kiri juga mengalami hal yang sama. Macet panjang terjadi di bawah flyover Pasar Rebo.                Terlihat kendaraan roda dua nekat menaikkan motornya ke atas trotoar. Selama 10 menit sudah ada 2 motor yang naik ke atas trotoar.Truk pembawa tanah juga terlihat berdiam di lokasi, terlihat sopir truk itu keluar memperhatikan macetnya Jalan Raya Bogor.Berdasarkan pantauan di Google Maps, Jalan Raya Bogor dekat Mal Graha Cijantung berwarna merah. Terlihat ada simbol pengerjaan jalanan di sana.Hingga saat ini pukul 21.10 WIB kemacetan masih mengular. Belum diketahui penyebab kemacetan ini.Simak juga 'Penampakan Halte TransJakarta Tendean Terbakar':[Gambas:Video 20detik]"
"Halte TransJakarta Tendean Terbakar, Penumpang Menumpuk di Halte Rawa Barat", 14 Agu 2023 19:27 ,https://news.detik.com/berita/d-6876370/halte-transjakarta-tendean-terbakar-penumpang-menumpuk-di-halte-rawa-barat,"Antrean penumpang mengular di halte TransJakarta Rawa Barat, Jakarta Selatan, malam ini. Hal itu imbas kebakaran yang melanda di Halte TransJakarta Tendean sore tadi.Pantauan detikcom di lokasi, Senin (14/8/2023), pukul 19.15 WIB, antrean penumpang terjadi tepat di depan akses masuk halte, tepatnya di dua pintu pertama sebelah kanan halte. Tepatnya ke arah Puri Beta dan CBD Ciledug.Masuk ke bagian halte lebih dalam terlihat tidaklah padat cenderung sepi. Hanya penumpang dengan tujuan ke arah kuningan yang tengah berdiri menunggu kedatangan bus.                Diketahui, halte TransJakarta Tendean di Jakarta Selatan terbakar. TransJakarta menyatakan pelanggan dapat menggunakan halte TransJakarta Rawa Barat untuk naik dan turun bus.Sebelumnya diberitakan, kebakaran terjadi di halte TransJakarta Tendean pada pukul 17.37 WIB. Tampak api membakar bagian dalam dan luar halte.Para penumpang yang ada di dalam halte juga dievakuasi menjauh dari halte. Asap hitam terlihat membubung tinggi.Belum diketahui penyebab kebakaran tersebut. Petugas pemadam kebakaran telah dikerahkan ke lokasi.Sementara itu, arus lalu lintas di Jalan Kapten Tendean dari arah Blok M menuju Cawang terpantau macet panjang.Simak Video 'TransJakarta Tunggu Hasil Investigasi soal Penyebab Halte Tendean Terbakar':[Gambas:Video 20detik]Saksikan Live DetikPagi:"
"Kebakaran Padam, Halte TransJakarta Tendean Dipasangi Garis Polisi", 14 Agu 2023 19:12 ,https://news.detik.com/berita/d-6876338/kebakaran-padam-halte-transjakarta-tendean-dipasangi-garis-polisi,"Kebakaran di Halte TransJakarta Tendean, Jakarta Selatan, sudah padam. TKP kebakaran tampak dipasangi garis polisi.Pantauan detikcom di lokasi pukul 18.55 WIB, Senin (14/8/2023), tampak api sudah padam seluruhnya. Bangunan halte terlihat gosong.Garis polisi terlihat dipasang di sekeliling halte yang terbakar. Sejumlah petugas berseragam TransJakarta dan PPSU terlihat membersihkan jalanan di sekitar halte dari pecahan kaca dan puing akibat kebakaran.                Lalu lintas di Jalan Tendean arah Jalan Gatot Subroto tampak macet parah Bus TransJakarta 9H rute Universitas Pancasila-Blok M yang biasanya melintasi Jalan Tendean tampak dialihkan ke Jalan Gatot Subroto. Lalin di Jalan Gatot Subroto dari Pancoran arah Kuningan terpantau macet.Untuk diketahui, Halte TransJakarta (TransJ) Tendean terbakar pada pukul 17.37 WIB. Lalu lintas di lokasi saat itu macet parah.Tak ada korban jiwa akibat kebakaran tersebut. Hingga saat ini belum ada informasi soal penyebab kebakaran.Simak Video 'Kebakaran di Halte TransJakarta Tendean Padam':[Gambas:Video 20detik]"
"Kebakaran Halte TransJ Tendean Padam, Lalin ke Flyover Pancoran Dibuka", 14 Agu 2023 18:45 ,https://news.detik.com/berita/d-6876259/kebakaran-halte-transj-tendean-padam-lalin-ke-flyover-pancoran-dibuka,"Lalu lintas flyover Pancoran, Jakarta Selatan, sempat ditutup imbas Halte TransJakarta (TransJ) Tendean kebakaran. Saat ini satu lajur jalan di flyover Pancoran telah dibuka kembali.Pantauan detikcom di lokasi, Senin (14/8/2023), pukul 18.22 WIB, lalu lintas flyover Pancoran yang semula ditutup kini suda dibuka kembali. Namun hanya satu lajur jalan di sisi kiri yang bisa dilalui.Selepas itu, kendaraan normal dua arah kembali. Sementara lalu lintas di Jalan Tendean mengarah ke Jalan Gatot Subroto dan Pancoran terpantau macet imbas kebakaran ini.                Klakson terdengar bersahut-sahutan. Kendaraan melaju perlahan-lahan karena saat ini petugas tengah melakukan pendinginan.Kebakaran padam sekitar pukul 17.55 WIB. Belum diketahui penyebab kebakaran tersebut.Sebelumnya, lalu lintas dari Tendean menuju flyover Pancoran ditutup imbas kebakaran di halte Tendean.""Sementara ditutup untuk jalan mobil damkar dan proses pemadaman,"" ujar Kapolsek Pancoran Kompol Mashuri saat dihubungi.Simak Video 'Arus Lalin Macet Imbas Kebakaran Halte TransJ Tendean':[Gambas:Video 20detik]"
Penumpang TransJ Dialihkan ke Halte Rawa Barat Imbas Halte Tendean Terbakar, 14 Agu 2023 18:10 ,https://news.detik.com/berita/d-6876155/penumpang-transj-dialihkan-ke-halte-rawa-barat-imbas-halte-tendean-terbakar,"Halte TransJakarta Tendean di Jakarta Selatan terbakar. TransJakarta menyatakan pelanggan dapat menggunakan Halte TransJakarta Rawa Barat untuk naik dan turun bus.""Sahabat TiJe, saat ini halte Tendean tidak dapat melayani pelanggan. Sahabat TiJe bisa menggunakan Halte Rawa Barat. Mohon maaf atas ketidaknyamanannya,"" demikian tulis akun Twitter TransJakarta seperti dilihat detikcom, Senin (14/8/2023).Kebakaran terjadi di Halte TransJakarta Tendean pada pukul 17.37 WIB. Tampak api membakar bagian dalam dan luar halte.                Para penumpang yang ada di dalam halte juga dievakuasi menjauh dari halte. Asap hitam terlihat membubung tinggi.Belum diketahui penyebab kebakaran tersebut. Petugas pemadam kebakaran telah dikerahkan ke lokasi.Sementara itu, arus lalu lintas di Jalan Kapten Tendean dari arah Blok M menuju Cawang terpantau macet panjang.Simak Video 'Penampakan Halte TransJakarta Tendean Terbakar':[Gambas:Video 20detik]"
Halte TransJakarta Tendean Kebakaran!, 14 Agu 2023 17:42 ,https://news.detik.com/berita/d-6876064/halte-transjakarta-tendean-kebakaran,"Halte TransJakarta (TransJ) Tendean terbakar. Api masih menyala.Pantauan detikcom, Senin (14/8/2023), sekitar pukul 17.37 WIB, api terlihat menyala di dalam halte tersebut. Belum diketahui penyebab kebakaran tersebut.Kebakaran memicu kondisi lalu lintas macet. Tampak penumpang dievakuasi dari halte.                Petugas sudah datang di lokasi untuk menangani kebakaran.Asap hitam tampak membubung tinggi. Belum diketahui penyebab kebakaran ini."
10 Contoh Teks Berita Singkat dengan Unsur 5W+1H Lengkap Penjelasannya, 09 Agu 2023 22:00 ,https://www.detik.com/sulsel/berita/d-6867584/10-contoh-teks-berita-singkat-dengan-unsur-5w1h-lengkap-penjelasannya,"Apakah detikers sedang mempelajari tentang penulisan berita atau jurnalistik? Agar lebih memahami, berikut contoh teks berita singkat lengkap dengan unsur 5W+1H dan penjelasannya.Menurut Kamus Besar Bahasa Indonesia (KBBI), berita dapat diartikan sebagai sebuah cerita ataupun keterangan yang memuat informasi mengenai berbagai kejadian ataupun peristiwa yang hangat atau up to date. Jadi, secara ringkas berita adalah laporan kejadian atau peristiwa yang aktual.Dari buku ""Menjadi Jurnalis Milenial"" yang diterbitkan Kementerian Pendidikan dan Kebudayaan (Kemdikbud), disebutkan bahwa dalam penyusunan berita, penulis tidak boleh melupakan prinsip 5W+1H. Yaitu what (apa), when (kapan), where (di mana), who (siapa), why (mengapa), dan how (bagaimana).                Nah, untuk lebih memahaminya, berikut ini detikSulsel telah merangkum 10 contoh teks berita singkat yang lengkap dengan unsur 5W+1H dan penjelasannya. Yuk disimak!Warga Mengungsi Akibat Letusan Gunung Semeru Sebanyak 3.697 JiwaPenanganan darurat pasca awan panas guguran Gunung Semeru masih berlangsung pada hari keempat. Bencana letusan tidak hanya berdampak pada jatuhnya korban jiwa dan kerusakan, tetapi juga warga yang mengungsi akibat rusaknya tempat tinggal akibat material vulkanik.Data terkini Pos Komando (Posko) Tanggap Darurat Bencana Dampak Awan Panas dan Guguran Gunung Semeru pada hari ini, Selasa (7/12), pukul 12.00 WIB, jumlah warga mengungsi mengalami peningkatan menjadi 3.697 jiwa. Warga yang mengungsi ini sebagian besar berada di wilayah Kabupaten Lumajang, sedangkan di Kabupaten Malang hanya terdapat 24 jiwa.Sebaran titik pengungsian di Kabupaten Lumajang berada di Kecamatan Pronojiwo dengan 9 titik berjumlah 382 jiwa, Kecamatan Candipuro 6 titik 1.136 jiwa, Kecamatan Pasirian 4 titik 563 jiwa, Kecamatan Lumajang 188 jiwa, Kecamatan Tempeh 290 jiwa, Kecamatan Sumberseko 67 jiwa dan Kecamatan Sukodono 45 jiwa.Data korban jiwa tercatat, warga luka-luka 56 jiwa, hilang 17 jiwa dan meninggal dunia 34 jiwa, sedangkan jumlah populasi terdampak sebanyak 5.205 jiwa. Terkait dengan jumlah warga yang dinyatakan hilang dan luka, posko masih melakukan pemutakhiran data dan validasi.Selain dampak korban jiwa, erupsi mengakibatkan 2.970 unit rumah terdampak. Pihak pemerintah daerah masih melakukan pemutakhiran jumlah rumah terdampak maupun tingkat kerusakan. Bangunan terdampak lainnya berupa fasilitas pendidikan 38 unit dan jembatan terputus (Gladak Perak) 1 unit.Hari keempat pasca erupsi, Presiden Joko Widodo meninjau lokasi terdampak yang berada di Kabupaten Lumajang. Presiden tiba di Lapangan Desa Sumberwuluh, Kabupaten Lumajang, pukul 10.21 WIB. Presiden Jokowi bertemu para penyintas, melihat dapur umum dan meninjau pos Kesehatan serta menyerahkan santunan kepada para ahli waris korban meninggal akibat erupsi.Sementara itu, Gunung Semeru terpantau mengalami 2 kali gempa letusan dan durasi gempa 55-125 detik. Di samping itu, Pusat Vulkanologi dan Mitigasi Bencana Geologi (PVMBG) menginformasikan terjadi 7 kali gempa guguran dengan durasi 50-120 detik. Terkait dengan rekomendasi PVMBG terhadap aktivitas vulkanik Gunung Semeru sebagai berikut.Pertama, masyarakat tidak beraktivitas dalam radius 1 km dari kawah atau puncak Gunung Semeru dan jarak 5km arah bukaan kawah di sektor tenggara-selatan, serta mewaspadai awan panas guguran, guguran lava, dan lahar di sepanjang aliran sungai atau lembah yang berhulu di puncak Gunung Semeru. Selanjutnya, radius dan jarak rekomendasi ini akan dievaluasi terus untuk antisipasi jika terjadi gejala perubahan ancaman bahaya.Kedua, mengimbau masyarakat agar menjauhi atau tidak beraktivitas di area terdampak material awan panas karena saat ini suhunya masih tinggi.Ketiga, masyarakat perlu mewaspadai potensi luncuran di sepanjang lembah jalur awan panas Besuk Kobokan.Keempat, masyarakat perlu mewaspadai ancaman lahar di alur sungai atau lembah yang berhulu di Gunung Semeru. Hal tersebut mengingat banyaknya material vulkanik yang sudah terbentuk.(Sumber: bnpb.go.id)Sebanyak 16 Unit Damkar Padamkan Api yang Membakar Dua Rumah di Cipete UtaraDua rumah di Cipete Utara, Jakarta Selatan, terbakar pada Sabtu (15/3/2014). Kebakaran ini sempat membuat lalu lintas di sekitar lokasi menjadi macet.Dua rumah yang terbakar sekitar pukul 17.35 WIB tersebut berlokasi di kawasan perkampungan Jalan Haji Jian, Cilandak Utara, Jakarta Selatan. ""Itu lokasinya masuk perkampungan. Jadi, masuk Jalan Fatmawati Raya, kemudian masuk Jalan Cipete, dan masuk Jalan Haji Jian. Berdasarkan laporan, kebakaran berawal dari rumah di Jalan Haji Jian nomor 2B,"" kata petugas Pemadam Kebakaran Sudin Jakarta Selatan, Dendi.Enam belas unit mobil pemadam kebakaran dikerahkan ke lokasi. Mobil-mobil itu menyebar dan berusaha menjangkau lokasi kebakaran dari segala penjuru mata angin, mencari jalan tercepat. Akibatnya, macet tak terelakkan. Mobil pemadam kebakaran yang tercepat tiba pukul 18.10 WIB. ""Macet. Dari utara, barat, timur, kita kerahkan supaya mana yang lebih dulu sampai langsung bisa menangani. Jadinya macet di Cipete, di Pos Fatmawati, dan sekitarnya,"" tutur Dendi.Dendi menyatakan dua rumah yang terbakar itu berhasil dipadamkan dan sekarang sedang dilakukan pendinginan. Beruntung tak ada korban jiwa dari kebakaran ini. Penyebab kebakaran belum bisa dipastikan oleh petugas.(Sumber: detik.com)Detik-detik Kecelakaan Beruntun di Jalan Alternatif CibuburKecelakaan beruntun terjadi di Jalan Raya Transyogi, Desa Nabrak, Kecamatan Gunung Putri, Kabupaten Bogor. Kecelakaan melibatkan satu truk dan dua mobil.""Kendaraan yang terlibat dump truck Isuzu nopol B-9756-BYZ, Daihatsu Xenia nopol B-1516-FRP, dan Suzuki APV nopol B-1457-TOI,"" kata Kanit Gakkum Satlantas Polres Bogor Ipda Angga Nugraha melalui keterangannya, Senin (19/9/2022).Kecelakaan beruntun bermula saat kendaraan dump truck melaju dari arah Gunung Putri menuju Cileungsi. Truk mengalami gagal fungsi rem di jalan menurun.""Kondisi jalan menurun, arus lalu lintas padat, setiba di tempat kejadian perkara (TKP) gagalnya fungsi rem, lalu truk menyerempet belakang sebelah kanan Daihatsu Xenia,"" terangnya.Kemudian truk bergerak ke depan menabrak bagian belakang kendaraan Suzuki APV. Kemudian truk berhenti setelah menabrak kendaraan tersebut.Diketahui, kecelakaan beruntun terjadi di Jalan Alternatif Cibubur, Cileungsi, Bogor. Kecelakaan menimbulkan kemacetan parah di lokasi kejadian.""Informasinya ada kecelakaan, saya sudah tiga jam lebih di Jalan Alternatif Cibubur, macet,"" ujar pengendara mobil, Nanda, saat dihubungi detikcom.Nanda mengatakan berangkat dari rumah di Citra Indah, Cileungsi, Bogor, sekitar pukul 10.00 WIB. Hingga pukul 14.00 WIB, kendaraannya masih berada di Jalan Alternatif Cibubur.""Ini baru sampai di Kota Wisata, di Legenda maju dikit,"" ujar Nanda saat dihubungi pukul 13.56 WIB.(Sumber: detik.com)Balai Besar KSDA NTT Salurkan Bantuan Ekonomi Produktif di Pulau TimorBalai Besar KSDA NTT menyelenggarakan Bimbingan Teknis Pengembangan Usaha Ekonomi Produktif di sekitar Kawasan Konservasi bersama Anggota Komisi IV DPR RI pada Sabtu (29/7/2023). Sasaran kegiatan ini yaitu kelompok-kelompok binaan yang berada di Pulau Timor.Dalam acara ini juga diserahkan bantuan ekonomi produktif senilai Rp. 300.000.000,- (Tiga Ratus Juta Rupiah) kepada 6 (enam) kelompok binaan yang berasal dari DIPA Balai Besar KSDA NTT Tahun Anggaran 2023.Penyerahan bantuan ekonomi produktif ini disaksikan oleh Anggota Komisi IV DPR RI Yohanis Fransiskus Lema, Sekretaris Direktorat Jenderal KSDAE, Bupati Kupang, Bupati Timor Tengah Selatan, Bupati Timor Tengah Utara, beserta unsur pemerintah daerah dan masyarakat.Sekretaris Direktorat Jenderal KSDAE Suharyono dalam arahannya menyampaikan bahwa peran kelompok masyarakat sekitar kawasan konservasi merupakan pendukung utama pengelolaan kawasan konservasi, mengingat keterbatasan jumlah SDM yang dimiliki UPT Ditjen KSDAE.""Kita harus saling bergandeng tangan saling mendukung dalam pengelolaan Kawasan Konservasi,"" katanya.Sejalan dengan hal itu, Anggota Komisi IV DPR RI Yohanis Fransiskus Lema dalam arahannya menyampaikan bahwa pengelolaan Kawasan Konservasi tidak bisa dilakukan oleh Pemerintah sendiri, sehingga perlu bersinergi dengan keterlibatan masyarakat adat, tokoh agama, dan pemerintah daerah.Dia juga mengungkapkan sumber daya alam merupakan titipan anak cucu kita, maka harus dapat mencari solusi bersama yang dapat menjembatani kebutuhan pembangunan ekonomi dengan tetap menghormati hak-hak fundamental masyarakat adat untuk pengelolaan kawasan konservasi.""Kelompok kelompok masyarakat di sekitar kawasan konservasi harus dibela dan diperjuangkan kesejahteraannya. Oleh sebab itu, bantuan kepada kelompok ini dimanfaatkan dengan sebaik baiknya, direncanakan dengan baik,"" katanya.Sementara itu, Kepala Balai Besar KSDA NTT Arief Mahmud menyampaikan bahwa bantuan tersebut merupakan bantuan ekonomi produktif sebagai stimulan. Bantuan ini diharapkan dapat mendorong peningkatkan ekonomi masyarakat sekitar kawasan konservasi.Oleh karenanya, kelompok dengan pendampingan dari penyuluh maupun petugas lainnya dapat memliki rencana usaha (business plan), perhitungan serta pembukuan yang baik. Pesannya adalah bahwa penyuluh serta para petugas pendamping lainnya dapat mendampingi kelompok secara optimal agar bantuan tersebut berdaya guna dan dapat meningkatkan ekonomi masayarakat.Lebih lanjut Arief menyampaikan bahwa dalam upaya mengungkit peningkatan ekonomi masyarakat sekitar kawasan konservasi, pihaknya mengajak semua pihak bekerjasama.""Kami juga perlu didukung dengan kerjasama dengan para pihak di tingkat Desa, Kecamatan dan Kabupaten agar peningkatan ekonomi lebih mudah tercapai,"" katanya.Kelompok masyarakat yang menerima bantuan berasal dari tiga Kabupaten. Pertama, Kabupaten Timor Tengah yaitu untuk Kelompok Tani Hutan Amnautob (Desa Fatuneno, Kecamatan Miomaffo Barat) yang merupakan penyangga Cagar Alam Mutis Timau.Kedua, Kabupaten Timor Tengah Selatan yaitu untuk Kelompok Tani Hutan Laime (Desa Nenas, Kecamatan Fatumnasi) yang berada di penyangga Cagar Alam Mutis Timau dan Kelompok Tani Hutan Monit (Desa Bena, Kecamatan Amanuban Selatan) pada penyangga Taman Buru Dataran Bena.Ketiga, Kabupaten Kupang yaitu untuk Kelompok Tani Hutan Kreatif Baumata (Desa Baumata, Kecamatan Taebenu) yang berada di penyangga Taman Wisata Alam Baumata; Kelompok Konservasi Penyu (Desa Mata Air, Kecamatan Kupang Tengah) dan Kelompok Masyarakat Dalek Esa (Desa Tanah Merah, Kecamatan Kupang Tengah) pada penyangga Taman Wisata Alam Laut Teluk Kupang.(Sumber: menlhk.go.id)[UPDATE] 268 Warga Meninggal Dunia Akibat Gempa CianjurBNPB terus melakukan update korban bencana gempabumi yang melanda Kabupaten Cianjur, Provinsi Jawa Barat Senin (20/11) lalu.Data sementara yang berhasil dihimpun hingga Selasa (22/11) pukul 17.00 WIB, terdapat ratusan jiwa meninggal dunia. Hal ini diungkap Kepala BNPB Letjen TNI Suharyanto saat memberikan keterangan pers di Kantor Bupati Cianjur.""Korban meninggal dunia 268 jiwa, yang sudah teridentifikasi sebanyak 122 jenazah, masih ada korban hilang sejumlah 151 orang, kita akan berusaha semaksimal mungkin agar seluruh korban ditemukan,"" ucap Suharyanto.Kemudian data masyarakat yang mengungsi sejumlah 58.362 orang, luka-luka 1.083 orang, kerusakan infrastruktur seperti rumah rusak total berjumlah 22.198 unit.""Pengungsi pada hari ini sudah mendapatkan fasilitas lebih baik, tenda besar telah didirikan baik dari BNPB, pemerintah, TNI/Polri dan bantuan lembaga lainnya,"" lanjutnya.""Dapur umum telah beroperasi, kalau masih ada yang kurang dan belum terlayani, lambat laun akan kami perbaiki"".Terkait banyaknya perbedaan data yang berkembang, Suharyanto berkata, pendataan masih terus dilakukan dan Posko telah didirikan, sehingga semua informasi tentang penanganan gempa Cianjur ini, secara resmi ialah yang dikeluarkan dari posko.""Setiap sore akan ada update penanganan bencana dari Posko Tanggap Darurat yang ada di Kantor Bupati Cianjur,"" imbuh SuharyantoMerespon banyaknya kepedulian masyarakat untuk memberikan dukungan penanganan pascabencana, diharapkan semua berada dibawah pengelolaan posko.""Bantuan kepada masyarakat terdampak baik yang datang dari pemerintah pusat, kementerian atau lembaga dan unsur swasta, semua akan dipusatkan di posko dan pendistribusiannya akan melalui posko,"" jelas Suharyanto.Meskipun dua rumah sakit di Kabupaten Cianjur ikut terdampak gempa, penanganan kesehatan tetap dapat dilakukan, tenda-tenda lapangan telah digelar di sekitar rumah sakit untuk dijadikan rumah sakit darurat.""RSUD Cianjur dan Rumah Sakit Sayang sudah beroperasi dan ditambah tenda lapangan termasuk tambahan tenaga kesehatan,"" imbuhnya.""Sebagian dirujuk ke rumah sakit di luar Kabupaten Cianjur, 100 pasien telah dikirim ke Rumah Sakit Hasan Sadikin Bandung,"" tutup Suharyanto.Presiden Joko Widodo telah meninjau lokasi terdampak pada siang ini, beliau menyampaikan masyarakat yang rumahnya mengalami rusak berat akan mendapatksn bantuan 50 juta rupiah, rusak sedang 25 juta rupiah dan rusak ringan sebesar 10 juta rupiah.(Sumber: bnpb.go.id)Gakkum KLHK Amankan Truk Bermuatan Kayu Ilegal di DonggalaTim Operasi Balai Gakkum KLHK Wilayah Sulawesi berhasil mengamankan 1 (satu) unit mobil truck yang mengangkut kayu tanpa dokumen pada hari Minggu (6/8/2023) di Jalan Trans Sulawesi, Desa Labuan Lelea, Kecamatan Labuan, Kabupaten Donggala, Provinsi Sulawesi Tenggara. Truk Hino Dutro 130 HT berwarna merah tersebut mengangkut 65 panggal kayu bantalan berbagai ukuran yang tidak disertai dengan dokumen sahnya hasil hutan.Selain barang bukti, tim juga mengamankan 1 (satu) orang pelaku berinisial A (28 Tahun) di tempat kejadian perkara (TKP). Tim kemudian membawa A (28) beserta barang bukti ke Kantor Balai Gakkum KLHK Wilayah Sulawesi Seksi II Palu untuk diamankan dan diproses lebih lanjut. Setelah melalui proses penyidikan dan gelar perkara, A (28) ditetapkan sebagai tersangka.Saat ini tersangka telah dititipkan ke Rutan kelas I Kota Palu, sementara barang bukti telah dititipkan di Rumah Penitipan Barang Rampasan Negara Kota Palu. Tersangka dijerat dengan pasal kegiatan mengangkut, menguasai, atau memiliki hasil hutan kayu yang tidak dilengkapi secara bersama surat keterangan sahnya hasil hutan; dan/ atau Setiap orang yang melakukan pengangkutan kayu hasil hutan wajib memiliki dokumen yang merupakan surat keterangan sahnya hasil hutan sesuai dengan ketentuan peraturan perundang - undangan.Tersangka melanggar Pasal 83 ayat (1) huruf b Jo Pasal 12 huruf e UU No 18 Tahun 2013 tentang Pencegahan dan Pemberantasan Perusakan Hutan sebagaimana diubah dengan Pasal 37 Undang-Undang No. 6 Tahun 2023 tentang Penetapan Peraturan Pemerintah No. 2 Tahun 2022 Tentang Cipta Kerja Menj adi Undang-Undang, dan/ atau pasal 88 ayat (1) huruf a Jo Pasal 16 UU No 18 Tahun 2013 tentang Pencegahan dan Pemberantasan Perusakan Hutan, Jo Pasal 55 Ayat (1) Ke-1 KUHP, dengan ancaman hukuman penjara maksimal 5 tahun penjara dan denda maksimal 2,5 miliar rupiah.Kepala Balai Gakkum Wilayah Sulawesi Aswin Bangun menyatakan, ""Kami akan terus menindak tegas pelaku kejahatan di bidang kehutanan agar bisa mendapatkan efek jera dan mengurangi resiko kerugian yang dialami negara akibat dari penjualan kayu ilegal atau tanpa disertai dokumen resmi yang sah"".(Sumber: menlhk.go.id)Program Wirausaha Merdeka Angkatan Kedua Tarik Minat Lebih dari 30 Ribu Pendaftar MahasiswaKementerian Pendidikan Kebudayaan, Riset, dan Teknologi (Kemendikbudristek) menutup periode pemilihan Perguruan Tinggi Pelaksana (PTP) untuk Program Wirausaha Merdeka, Sabtu (29/7) lalu. Pada angkatan kedua program ini, sebanyak 38.817 mahasiswa melakukan pendaftaran akun di platform Kampus Merdeka, 15.321 mahasiswa di antaranya resmi mendaftar di 34 Perguruan Tinggi Pelaksana Program Wirausaha Merdeka yang tersebar di seluruh Indonesia.""Pada pelaksanaan angkatan pertama di tahun 2022 lalu, Program Wirausaha Merdeka berhasil berkolaborasi dengan 17 perguruan tinggi sebagai Perguruan Tinggi Pelaksana yang memiliki program kewirausahaan unggul serta lebih dari 11 ribu mahasiswa peserta dari berbagai wilayah Indonesia. Dengan catatan baik tersebut, pelaksanaan Program Wirausaha Merdeka Angkatan 2 Tahun 2023 melibatkan lebih banyak perguruan tinggi, dan ternyata animo dari mahasiswa pun sangat tinggi,"" terang Kepala Program Wirausaha Merdeka, Gamaliel Waney, Selasa (01/08).Program Wirausaha Merdeka, salah satu program unggulan yang diselenggarakan Kemendikbudristek dalam rangkaian besar program Merdeka Belajar Kampus Merdeka (MBKM), memberikan kesempatan kepada mahasiswa untuk mengasah jiwa kewirausahaan serta mendorong peningkatan pengalaman wirausaha dan peningkatan daya kerja mahasiswa melalui pembelajaran selama satu semester di perguruan tinggi dengan program kewirausahaan terbaik.""Dengan pengetahuan, pengalaman, serta wawasan yang diperoleh melalui Program Wirausaha Merdeka, mahasiswa memiliki opsi karier yang lebih banyak untuk ditekuni selepas lulus kuliah. Mereka bisa memperoleh pekerjaan impian berbekal kompetensi yang dimiliki, atau merintis usaha sendiri sesuai dengan minat mereka masing-masing,"" imbuh Gamaliel.Pada penyelenggaraan tahun ini, tiga Perguruan Tinggi Pelaksana yang memiliki jumlah pendaftar mahasiswa terbanyak adalah Politeknik Negeri Kupang dengan 1.045 pendaftar, disusul oleh Politeknik Negeri Jember dengan 758 pendaftar, dan Politeknik Perkapalan Negeri Surabaya dengan 635 pendaftar.Di antara perguruan tinggi akademik, Universitas Ciputra Surabaya menjadi Perguruan Tinggi Pelaksana dengan jumlah pendaftar mahasiswa terbanyak, yaitu sebanyak 625 mahasiswa. Selanjutnya, Universitas Padjadjaran memperoleh 607 orang pendaftar, dan Universitas Muhammadiyah Makassar memperoleh 598 orang pendaftar.Peserta Program Wirausaha Merdeka adalah mahasiswa terpilih dan diseleksi oleh Perguruan Tinggi Pelaksana dengan berbagai persyaratan dan kelengkapan administratif. Salah satu syarat peserta adalah mahasiswa aktif di perguruan tinggi akademik maupun perguruan tinggi vokasi dari berbagai latar belakang program studi.Gamaliel menerangkan, selama belajar di Perguruan Tinggi Pelaksana, mahasiswa akan mendapatkan pendampingan dari praktisi ahli serta akademisi yang memiliki kepakaran di bidang bisnis serta mempraktikkan secara langsung prinsip-prinsip kewirausahaan yang dipelajari, sehingga mereka mendapatkan gambaran holistik tentang bagaimana menjalankan bisnis yang baik.""Setelah melalui proses seleksi, total peserta yang diterima untuk mengikuti program di 34 Perguruan Tinggi Pelaksana sebanyak 12.568 mahasiswa. Mereka akan segera memulai program ini di semester ganjil Tahun Akademik 2023/2024,"" ungkapnya.(Sumber: kemdikbud.go.id)KLHK Tetapkan 15 Hutan Adat di Kabupaten Gunung Mas KaltengKLHK menetapkan status 15 Hutan Adat seluas Â± 68.326 di Kabupaten Gunung Mas, Provinsi Kalimantan Tengah. Dengan penetapan tersebut, saat ini Kabupaten Gunung Mas tercatat sebagai Kabupaten yang memiliki Hutan Adat terluas se-Indonesia.""Momentum penetapan 15 Hutan Adat di Gunung Mas ini merupakan salah satu capaian positif dalam rangka memperingati perayaan hari Masyarakat Adat Sedunia yang diperingati setiap tanggal 9 Agustus,"" ujar Wakil Menteri LHK Alue Dohong saat penyerahan salinan SK Penetapan Status Hutan Adat di Kabupaten Gunung Mas kepada Bupati Gunung Mas didampingi Dirjen PSKL Bambang Supriyanto di Jakarta, Selasa (8/8).Wamen Alue juga menyampaikan penetapan Hutan Adat diharapkan dapat meningkatkan kesejahteraan masyarakat serta memberi manfaat yang nyata kepada masyarakat hari ini dan kelak kemudian hari.Masyarakat Hukum Adat dengan segala dinamikanya saat ini semakin mengemuka dalam tata kehidupan sosial, ekonomi Indonesia. Kearifan lokal dan pengetahuan lokal yang selama ini dijaga, dihayati dan dilakukan olehMasyarakat Hukum Adat merupakan penyeimbang dari globalisasi dan modernisasi yang terkadang tidak sesuai dengan kondisi geografis, budaya, maupun sosial dari suatu wilayah, termasuk masyarakat adat diwilayah Kabupaten Gunung Mas Provinsi Kalimantan Tengah.Dirjen Perhutanan Sosial dan Kemitraan Lingkungan (PSKL) Bambang Supriyanto mengatakan berbagai upaya percepatan dalam rangka pengakuan MHA dan Penetapan Status Hutan Adat terus dilakukan. Salah satunya melalui kerja bersama antara Tim Terpadu KLHK dengan Kementerian dan Lembaga terkait, Pemerintah Provinsi dan Pemerintah Kabupaten Gunung Mas termasuk CSO atau pendamping, yang dimulai sejak tanggal 10 Februari 2023 sampai dengan hari ini tanggal 8 Agustus 2023. Tim Terpadu dimaksud bekerja berdasarkan arahan Menteri LHK, Wakil Menteri LHK, dan supervisi dari Direktur Jenderal PSKL.Hasil kerja Tim Terpadu tersebut menjadi rekomendasi bagi Bupati Gunung Mas untuk menetapkan 15 (lima belas) SK Pengakuan dan Perlindungan MHA sebagai dasar Menteri LHK untuk menetapkan status Hutan Adat dengan luas keseluruhan Â± 68.326 Ha.Kelimabelas MHA yang ditetapkan Hutan Adatnya terdiri dari MHA Rungan; MHA Dayak Ngaju Lewu Tehang Manuhing Raya; MHA Dayak Ngaju Lewu Tumbang Bahanei; MHA Dayak Ngaju Lewu Tumbang Malahoi; MHA Dayak Ot Danum Himba Atang Ambun Liang Bungai; MHA Dayak Ot Danum Lowu Tumbang Hatung; MHA Dayak Ngaju Lewu Tumbang Kuayan; MHA Dayak Ot Danum Lowu Tumbang Anoi; MHA Dayak Ot Danum Lowu Tumbang Mahuroi; MHA Dayak Ot Danum Lowu Lawang Kanji; MHA Dayak Ot Danum Lowu Karetau Sarian; MHA Dayak Ot Danum Lowu Karetou Rambangun; MHA Dayak Ot Danum Lowu Tumbang Maraya; MHA Dayak Ot Danum Lowu Tumbang Posu; dan MHA Dayak Ot Danum Lowu Tumbang Marikoi.(Sumber: menlhk.go.id)Arab Saudi Diterjang Badai, Sekolah Ditutup SementaraBadai menerjang Arab Saudi barat, termasuk kota pesisir Jeddah pada Kamis (24/11). Akibat bencana itu, dua orang tewas hingga sekolah terpaksa ditutup.""Dua kematian telah dicatat sejauh ini, dan kami meminta semua orang untuk tidak keluar kecuali jika diperlukan,"" kata pemerintah daerah Mekkah di Twitter-nya, seperti dilansir AFP, Jumat (25/11/2022).Wilayah Mekah meliputi Jeddah, kota terbesar kedua di kerajaan yang berpenduduk sekitar empat juta orang. Sedangkan kota Mekah, kota paling suci dalam Islam tempat jutaan orang menunaikan ibadah haji dan umrah setiap tahun.Jalan yang menghubungkan keduanya, yang digunakan banyak peziarah untuk mencapai Mekah, ditutup pada Kamis setelah hujan mulai turun. Namun saat ini jalan tersebut sudah dibuka kembali.Saluran Al-Ekhbariya yang berafiliasi dengan negara menunjukkan rekaman jamaah di Masjidil Haram di Mekah mengitari Ka'bah di bawah hujan lebat. Di Jeddah, gambar yang diposting ke media sosial menunjukkan lalu lintas menggeram dan sebagian kendaraan terendam air.Bandara Internasional King Abdulaziz kota mengatakan bahwa 'karena kondisi cuaca, keberangkatan beberapa penerbangan telah ditunda' dan mendesak penumpang untuk menghubungi operator untuk jadwal terbaru.Badan Pers Saudi resmi melaporkan sebelum fajar bahwa sekolah-sekolah di kota itu akan ditutup sementara karena hujan diperkirakan akan berlanjut sepanjang hari. Sekolah juga ditutup di kota terdekat Rabigh dan Khulais.""Untuk menjaga keselamatan siswa laki-laki dan perempuan,"" kata SPA.Kerajaan berada di tengah ujian akhir, namun sekolah-sekolah telah ditutup secara nasional pada Rabu (23/11) setelah Raja Salman mengumumkan hari libur menyusul kemenangan mengejutkan Arab Saudi dari Argentina di Piala Dunia.Hujan badai musim dingin dan banjir terjadi hampir setiap tahun di Jeddah, di mana penduduk telah lama mengeluhkan buruknya infrastruktur. Banjir menewaskan 123 orang di kota itu pada 2009 dan 10 orang lagi dua tahun kemudian.(Sumber: detik.com)Kerusakan Situs Gunung Padang Akibat Gempa CianjurGunung Padang yang berlokasi di Cianjur, Jawa Barat, mengalami kerusakan. Gunung Padang turut terdampak gempa bumi. Dilansir detikJabar, Sabtu (26/11/2022), Koordinator Juru Pelihara Situs Gunung Padang, Nanang Sukmana, menjelaskan kerusakan Gunung Padang di bagian tourist information center (TIC), plafon TIC roboh akibat gempa.""Jadi yang rusak kantor TIC, itu pun hanya plafonnya yang jatuh. Kalau situs utamanya aman, tidak ada kerusakan apa pun,"" ucap Nanang, Sabtu (26/11/2022).Menurutnya, aktivitas wisata di Gunung Padang saat ini masih berjalan. Wisatawan dari luar daerah pun masih banyak yang berdatangan untuk melihat kemegahan struktur bangunan peninggalan leluhur itu.""Yang berkunjung masih banyak, terutama rombongan pelajar. Tapi tidak sebanyak sebelumnya, karena Cianjur masih berduka pascagempa,"" jelasnya.Gunung Padang merupakan situs megalitikum yang dibangun pada 5200 sebelum Masehi (SM). Situs dengan luas 291.800 meter persegi itu berlokasi di Kampung Gunung Padang, Desa Karyamukti, Kecamatan Campaka, Kabupaten Cianjur.Gunung Padang juga ternyata mengarah ke Gunung Gede Pangrango di sebelah utara. Bahkan perhitungan arahnya sangat tepat, dimana Gunung Gede sebenarnya tidak persis berada di nol derajat arah utara, dan Gunung Padang sengaja dirahakan sesuai garis lurus dengan Gunung Gede Pangrango.Situs Gunung Padang dibuat menggunakan bebatuan kekar kolom (coloumnar joint) dengan bentuk persegi lima memanjang disusun dan bukan terbentuk secara alami.(Sumber: detik.com)Untuk mengetahui langkah penyusunan berita atau karya jurnalistik menggunakan unsur 5W+1H, detikers perlu mengetahui lebih dulu penjelasannya sebagai berikut yang dilansir dari buku ""Menjadi Jurnalis Milenial"" yang diterbitkan Kementerian Pendidikan dan Kebudayaan (Kemdikbud).1. WhatWhat dalam bahasa Indonesia artinya ""apa"". Menulis atau menyajikan berita berarti kita menyampaikan peristiwa apa yang sedang terjadi. Unsur what ini akan mendorong penulis untuk mengumpulkan banyak fakta peristiwa.2. WhenWhen berarti ""kapan"" peristiwa yang kita beritakan itu terjadi. Dalam poin ini, kita dapat menggunakan hampir semua satuan waktu, mulai dari hari, tanggal, tahun, hingga jam berapa berlangsungnya peristiwa tersebut.Semakin detail informasi waktu yang disampaikan, semakin baik. Unsur ""kapan"" juga bermanfaat untuk membantu aparat penegak hukum dalam mengusut adanya peristiwa.3. WhereWhere artinya ""di mana"" peristiwa tersebut berlangsung. Catat ya, dalam menuliskan lokasi, kita harus menuliskannya sedetail mungkin. Misal, terjadi kebakaran di Kelurahan A, RT sekian, RW sekian. Unsur ""di mana"" untuk mendukung pembaca dalam memahami alur cerita disertai keterangan tempat yang jelas atas suatu peristiwa.4. WhoWho atau ""siapa"" mengacu pada siapa saja orang-orang yang terlibat dalam peristiwa yang diberitakan. Mengetahui sebuah berita atau cerita tidak akan lengkap jika tidak mengetahui siapa yang terlibat di dalamnya.5. WhyWhy atau ""mengapa"" adalah informasi mengenai alasan, latar belakang, atau sebab-musabab peristiwa yang diberitakan itu terjadi. Jurnalis wajib membubuhkan unsur why untuk menjelaskan kepada pembaca alasan terjadinya suatu peristiwa.6. HowHow adalah ""bagaimana"" peristiwa yang diberitakan tersebut bisa terjadi. Dalam istilah umum, How adalah urutan kronologis dari peristiwa yang kita beritakan. Penulis diminta untuk menjabarkan bagaimana proses terjadinya peristiwa tersebut, serta dapat mendukung pernyataan atas unsur ""mengapa"" yang telah dijabarkan sebelumnya.Jika semua unsur tersebut terpenuhi, maka berita yang kita sajikan sudah lengkap dan memenuhi kaidah jurnalistik.Nah, itulah 10 contoh teks berita singkat yang lengkap dengan unsur 5W+1H dan penjelasannya sebagai referensi detikers untuk menulis sebuah karya berita atau jurnalistik. Semoga bermanfaat ya!"
Lahan 78 Are di Pantai Matahari Terbit Dijadikan Kantong Parkir Sementara, 08 Agu 2023 18:21 ,https://www.detik.com/bali/berita/d-6865618/lahan-78-are-di-pantai-matahari-terbit-dijadikan-kantong-parkir-sementara,"Lahan dengan luas kurang lebih 78 are di Jalan Matahari Terbit, Denpasar, Bali, menuju Pelabuhan Sanur kini dijadikan kantong parkir sementara. Kantong parkir tersebut masih berstatus uji coba serta uji potensi.""Lahan tersebut milik Puri Santrian yang mana kami bersepakat sementara untuk kerja sama. Jadi, dalam satu bulan ke depan ini kami ingin menguji coba potensinya,"" kata Dirut Perumda Bhukti Praja Sewakadharma I Nyoman Putrawan, Selasa (8/8/2023).Putrawan menyebut kantong parkir sementara telah dibuka pada Senin (31/7/2023) dan beroperasi pada pukul 06.00-18.00 Wita. Adapun tarif parkir motor sebesar Rp 2 ribu, mobil Rp 5 ribu, dan bus Rp 30 ribu.                ""Sementara dari yang kami hitung untuk perencanaan kapasitas masih 200 mobil dan bus dengan catatan kalau kami rapikan kendaraan semaksimal mungkin,"" sebutnya.Kemudian, untuk kapasitas motor, kata Putrawan, belum masuk dalam perhitungan. Sebab, volume motor yang berlalu-lalang juga terbilang kecil dan tidak terlalu berdampak besar pada kemacetan.Ia juga menjelaskan hadirnya kantong parkir tersebut diharapkan dapat menjadi solusi mengatasi kemacetan yang sering terjadi di Jalan Matahari Terbit dan Jalan Bypass Ngurah Rai, Denpasar, Bali.""Paling tidak salah satu penyebab macet karena adanya parkir yang menunggu penumpang di Jalan Bypass kiri dan kanan. Lalu, padatnya jalur Matahari Terbit saat membawa penumpang dan di sana lambat sekali (pergerakan kendaraan),"" paparnya.Dengan kondisi tersebut, pihaknya mencoba mengalihkan kendaraan untuk masuk ke kantong parkir sementara di Jalan Matahari Terbit untuk mengurangi kemacetan. Di sisi lain, Putrawan menuturkan kantong parkir sementara masih memiliki satu pintu masuk dan keluar.""Setelah uji coba mudah-mudahan kami bisa tingkatkan pelaksanaannya. Dari pihak pemilik lahan juga berkenan untuk melanjutkan kerja sama dalam bentuk kesepakatan MoU,"" ungkapnya.Putrawan menilai kerja sama dengan Puri Santrian merupakan bagian dari kebesaran jiwa Puri Santrian yang memiliki lahan strategis dan berkenan untuk bekerja sama. Ia berharap melalui uji coba kantong parkir tersebut ke depannya dapat menghasilkan kajian dalam mengurangi kemacetan di kawasan tersebut."
Jalan Romokalisari Perbatasan Surabaya-Gresik Mandeg Jegrek, 07 Agu 2023 08:43 ,https://www.detik.com/jatim/bisnis/d-6862341/jalan-romokalisari-perbatasan-surabaya-gresik-mandeg-jegrek,"Jalan Raya Romokalisari menuju Gresik atau perbatasan Surabaya ke Gresik, macet parah nyaris tak bergerak. Pengguna jalan yang akan berangkat kerja terpaksa terjebak macet selama 45 menit.""Perbatasan Surabaya-Gresik mandeg jegrek (Macet total). 45 Menit nggak mlaku (Tidak jalan),"" kata salah satu pengguna jalan bernama Opek, yang akan menuju tempat kerjanya pergudangan Oso Wilangon kepada detikJatim, Senin (7/8/2023).Hingga kini belum diketahui penyebab kemacetan. ""Belum tahu penyebabnya apa,"" tambahnya.                Jika detikers punya keluhan atau ingin mengabarkan peristiwa di sekitar Anda, bisa melalui alamat email: redaksi@detikjatim.com"
Elnusa Petrofin Buka Suara soal Mobil BBM Terbakar di Tol Belmera Sumut, 04 Agu 2023 13:19 ,https://finance.detik.com/energi/d-6858580/elnusa-petrofin-buka-suara-soal-mobil-bbm-terbakar-di-tol-belmera-sumut,"Sebuah mobil tangki Bahan Bakar Minyak (BBM) terbakar di Jalan Tol Belawan-Medan-Tanjung Morawa (Belmera), Sumatera Utara pada Kamis (3/8). Truk BBM Pertamina Patra Niaga dengan nomor polisi BK 8984 EU itu dikelola oleh PT Elnusa Petrofin.Dalam informasi resmi Elnusa Petrofin, disebutkan mobil tangki BBM itu berangkat dari Integrated Fuel Terminal Pertamina Medan Group membawa muatan 24 KL BBM, terdiri dari 16 KL Bio Solar dan 8 KL Pertalite, untuk menuju SPBU tujuan.""Kami mengucapkan terima kasih serta apresiasi atas bantuan dan dukungan dari semua pihak sehingga kejadian ini dapat ditangani dengan baik. Mengenai penyebab insiden kami menunggu hasil investigasi dari pihak terkait dan berwenang,"" kata Manager Corporate Communication & Relations Elnusa Petrofin Putiarsa Bagus Wibowo dalam keterangan tertulis, Jumat (4/8/2023).                Tidak ada korban jiwa dalam insiden tersebut. Dua Awak Mobil Tangki (AMT) yang bertugas dalam keadaan selamat. Elnusa Petrofin juga memastikan tidak ada tumpahan minyak dalam peristiwa itu.Setelah insiden tersebut, Elnusa Petrofin mengirimkan Mobil Tangki BBM pengganti ke SPBU tujuan pada. Perusahaan juga meminta maaf atas ketidaknyamanan yang mungkin timbul oleh insiden tersebut.Diberitakan sebelumnya, truk tangki pengangkut BBM jenis terbakar hebat di ruas Tol Belmera. Kepala Bidang Pemadam, Dinas Pemadam Kebakaran dan Penyelamatan Kota Medan, Irsan Nasution mengungkapkan sebanyak tiga unit mobil pemadam dikerahkan untuk memadamkan api. Kondisi lalu lintas di sana pun sempat macet karena insiden itu.""Tiga unit pemadam dikerahkan,"" kata Kepala Bidang Pemadam, Dinas Pemadam Kebakaran dan Penyelamatan Kota Medan, Irsan Nasution, Kamis (3/8/2023).Lokasi truk tangki BBM Pertamina tersebut terbakar tepatnya di Gerbang Tol Cemara km 17, Percut Sei Tuan, Deli Serdang. Pihak Damkar membutuhkan waktu sekitar 1 jam untuk memadamkan api tersebut."
Mencekam Kebakaran Truk BBM di Tol Belmera, 04 Agu 2023 00:10 ,https://www.detik.com/sumut/berita/d-6857909/mencekam-kebakaran-truk-bbm-di-tol-belmera,"Truk tangki pengangkut BBM jenis terbakar hebat di ruas Tol Belawan-Medan Tanjung Morawa (Balmera). Suasana di ruas tol itu mencekam setelah api membubung tinggi disertai ledakan.Kepala Bidang Pemadam, Dinas Pemadam Kebakaran dan Penyelamatan Kota Medan, Irsan Nasution mengungkapkan, sebanyak tiga unit mobil pemadam dikerahkan untuk memadamkan api. Kondisi lalu lintas di sana pun sempat macet karena insiden itu.""Tiga unit pemadam dikerahkan,"" kata Kepala Bidang Pemadam, Dinas Pemadam Kebakaran dan Penyelamatan Kota Medan, Irsan Nasution, Kamis (3/8/2023).                Mobil tangki BBM Pertamina yang terbakar tersebut memiliki nomor kendaraan BK 8984 EU. Irsan menyebutkan jika mobil tangki yang membawa BBM jenis solar sebanyak 24 ton tersebut milik PT ELNUSA.""Nama pemilik PT ELNUSA,"" sebutnya.Lokasi truk tangki BBM Pertamina tersebut terbakar tepatnya di Gerbang Tol Cemara km 17, Percut Sei Tuan, Deli Serdang. Pihak Damkar membutuhkan waktu sekitar 1 jam untuk memadamkan api tersebut.""Waktu pemadaman 19.46 WIB sampai dengan 20.46 WIB,"" ujarnya.Untuk penyebab terbakarnya truk tangki BBM Pertamina tersebut masih dalam penyelidikan. Sempat terjadi kemacetan arus lalu lintas akibat terbakarnya truk tangki BBM Pertamina tersebut.Sebelumnya, terbakarnya mobil tangki pengangkut BBM ini diduga terjadi sekitar pukul 19.30 WIB hingga 20.00 WIB. Api berhasil dipadamkan pukul 20.19 WIB.""Padamnya sekitar pukul 20.19 WIB, mobil ini dari Terminal BBM Medan Grup ke Tebing Tinggi,"" ungkap Area Manager Communication Relation & CSR Sumbagut, Susanto August Satria saat dikonfirmasi, Kamis (3/8).Satria menyebutkan bahwa mobil tangki pengangkut ini membawa BBM Biosolar dan Pertalite dengan kapasitas 24 KL. Satria memastikan bahwa tidak ada korban jiwa dalam kebakaran tersebut.""Tidak ada korban jiwa dalam insiden kebakaran mobil tanki di ruas Tol Belmera,"" ujarnya.Sementara itu, Satria menyebutkan bahwa hingga saat ini penyebab terbakarnya tangki pengangkut ini masih dalam investigasi.""Api berhasil dipadamkan dengan sigap dan cepat atas koordinasi dan dukungan Dinas Damkar setempat. Penyebab kejadian dalam tahap investigasi,"" jelas Satria.Terkait kebutuhan BBM, Satria memastikan stok dan pasokan ke SPBU tak mengalami gangguan berarti.""Stok dan Pasokan BBM ke SPBU-SPBU dalam keadaan aman,"" ucapnya."
"Truk Tangki BBM Terbakar di Tol Belmera, Pertamina Buka Suara", 03 Agu 2023 22:51 ,https://www.detik.com/sumut/berita/d-6857860/truk-tangki-bbm-terbakar-di-tol-belmera-pertamina-buka-suara,"Truk tangki pengangkut BBM Pertamina terbakar di ruas Tol Belawan-Medan-Tanjung Morawa (Belmera), malam tadi. Kebakaran tersebut sempat membuat arus lalu lintas macet.Terbakarnya mobil tangki pengangkut BBM ini diduga terjadi sekitar pukul 19.30 WIB hingga 20.00 WIB. Api berhasil dipadamkan pukul 20.19 WIB.""Padamnya sekitar pukul 20.19 WIB, mobil ini dari Terminal BBM Medan Grup ke Tebing Tinggi,"" ungkap Area Manager Communication Relation & CSR Sumbagut, Susanto August Satria saat dikonfirmasi, Kamis (3/8/2023).                Satria menyebutkan bahwa mobil tangki pengangkut ini membawa BBM Biosolar dan Pertalite dengan kapasitas 24 KL. Satria memastikan bahwa tidak ada korban jiwa dalam kebakaran tersebut.""Tidak ada korban jiwa dalam insiden kebakaran mobil tanki di ruas Tol Belmera,"" ujarnya.Sementara itu, Satria menyebutkan bahwa hingga saat ini penyebab terbakarnya tangki pengangkut ini masih dalam investigasi.""Api berhasil dipadamkan dengan sigap dan cepat atas koordinasi dan dukungan Dinas Damkar setempat. Penyebab kejadian dalam tahap investigasi,"" jelas Satria.Terkait kebutuhan BBM, Satria memastikan stok dan pasokan ke SPBU tak mengalami gangguan berarti.""Stok dan Pasokan BBM ke SPBU-SPBU dalam keadaan aman,"" ucapnya."
Jalur Puncak Bedugul Macet Parah Saat Umanis Galungan, 03 Agu 2023 16:30 ,https://www.detik.com/bali/berita/d-6857132/jalur-puncak-bedugul-macet-parah-saat-umanis-galungan,"Animo masyarakat berlibur saat Umanis Galungan ke kawasan wisata Bedugul, Bali, nampaknya cukup tinggi. Hal itu menimbulkan kemacetan panjang di Jalan Raya Singaraja-Denpasar, Kamis (3/8/2023).Pantauan detikBali sekitar pukul 16.00 Wita, antrean kendaraan mengular cukup panjang. Kemacetan kurang lebih sepanjang lima kilometer.Antrean didominasi oleh kendaraan roda empat. Di mana kemacetan dari arah Buleleng dimulai dari kawasan shortcut (jalan pintas) Singaraja-Mengwitani titik 5 dan 6 tepatnya di area Patung Panji Landung.                Salah satu pengendara bernama Zein Syahab (18) yang berangkat dari Kota Denpasar menuju ke Buleleng mengaku terjebak kemacetan selama satu jam. Menurutnya, penyebab kemacetan selain karena ramai warga liburan, juga terjadi karena banyak warga melaksanakan persembahyangan Galungan.""Ada banyak orang yang sembahnyang juga. Jadi di pinggir jalan ramai,"" kata Zein ditemui detikBali saat beristirahat di Desa Wanagiri, Kamis (3/8/2023).Pengendara lain bernama Eka Subianta yang hendak pergi ke Denpasar juga mengalami hal serupa. Dia terjebak macet selama sejam sehingga tidak bisa tepat waktu tiba di Denpasar.""Mau ke Denpasar. Macetnya dari shortcut, dari Patung Panji Landung. Kalau lihat di google, macetnya sampai Bedugul. Merah total. Kayaknya sampainya lama kalau ke Bedugul,"" jelasnya.Sementara itu, salah seorang anggota polisi yang bertugas menyebut titik kemacetan berada di kawasan Bedugul. Tepatnya di area pintu masuk objek wisata Kebun Raya Bedugul dan Danau Beratan. Menurutnya kemacetan terjadi sejak pukul 11.00 Wita.""Dari jam 11 siang. Titik macetnya di Danau Beratan dan Kebun Raya. Di pintu keluar-masuk objek wisata,"" kata petugas polisi yang enggan disebut namanya. Untuk mengurai kemacetan, polisi membuat skema buka tutup arus lalu lintas."
Macet Lebay di Jaktim gara-gara Truk Tabrak Separator Busway, 02 Agu 2023 20:06 ,https://news.detik.com/berita/d-6855662/macet-lebay-di-jaktim-gara-gara-truk-tabrak-separator-busway,"Satu unit truk menabrak separator jalur bus TransJakarta (TransJ) di Jakarta Timur (Jaktim) pagi tadi. Insiden truk menabrak separator busway itu memicu kemacetan parah.Truk yang mengalami kecelakaan itu mengangkut galon air mineral. Separator busway rusak sekaligus pecah berhamburan setelah dihantam truk besar tersebut.Kecelakaan itu terjadi pada ruas Jalan DI Panjaitan Jaktim arah Rawamangun. Kemacetan lebay atau parah tak dapat dihindari.                Melalui akun Twitternya, TMC Polda Metro Jaya melaporkan kecelakaan terjadi pada Rabu (2/8/2023), pukul 07.26 WIB. Kecelakaan itu terjadi sebelum flyover Jatinegara.Lalu lintas di Jalan DI Panjaitan macet parah imbas kecelakaan truk muatan galon air yang menabrak pembatas busway.""Benar, ada gangguan truk Hino muatan galon menabrak pembatas busway (hingga menyebabkan macet),"" ujar petugas call center NTMC Polri, Wiwi, ketika dihubungi detikcom, Rabu (2/8/2023).Simak berita selengkapnya di halaman selanjutnya.Saksikan juga 'Ayah Ungkap Kondisi Korban Jeratan Kabel Fiber: Tenggorokannya Rontok':[Gambas:Video 20detik] "
